Musica,Artista,Album
Heart of the City (Ain't No Love),JAY-Z,The Blueprint (Explicit Version)
Hola' Hovito,JAY-Z,The Blueprint (Explicit Version)
U Don't Know,JAY-Z,The Blueprint (Explicit Version)
Jigga That Nigga,JAY-Z,The Blueprint (Explicit Version)
"Girls, Girls, Girls",JAY-Z,The Blueprint (Explicit Version)
Izzo (H.O.V.A.),JAY-Z,The Blueprint (Explicit Version)
Takeover,JAY-Z,The Blueprint (Explicit Version)
The Ruler's Back,JAY-Z,The Blueprint (Explicit Version)
タイムマシーン・ラヴ,Ryuusennkei,Tokyo Sniper
I Believe (When I Fall in Love It Will Be Forever),Stevie Wonder,Talking Book
Lookin' For Another Pure Love (Album Version),Stevie Wonder,Talking Book
Blame It On The Sun (Album Version),Stevie Wonder,Talking Book
Big Brother (Album Version),Stevie Wonder,Talking Book
Superstition,Stevie Wonder,Talking Book
You've Got It Bad Girl (Album Version),Stevie Wonder,Talking Book
Tuesday Heartbreak (Album Version),Stevie Wonder,Talking Book
You and I,Stevie Wonder,Talking Book
Maybe Your Baby (Album Version),Stevie Wonder,Talking Book
You Are the Sunshine of My Life,Stevie Wonder,Talking Book
Reaching 2,Eden,ICYMI
Elsewhere,Eden,ICYMI
Duvidha,Eden,ICYMI
call me back,Eden,ICYMI
PS1,Eden,ICYMI
Closer 2,Eden,ICYMI
Waiting Room,Eden,ICYMI
modern warfare,Eden,ICYMI
Sci-Fi,Eden,ICYMI
Balling,Eden,ICYMI
A Call,Eden,ICYMI
video games,Between Friends,i like when you shine!
ok,Between Friends,i like when you shine!
prescription,Between Friends,i like when you shine!
tremolo,Between Friends,i like when you shine!
sliding,Between Friends,i like when you shine!
headache,Between Friends,i like when you shine!
day dreaming,Between Friends,i like when you shine!
ae86,Between Friends,i like when you shine!
gushers,Between Friends,i like when you shine!
princess,Between Friends,i like when you shine!
so into u,Between Friends,i like when you shine!
i always had a thing for you,Between Friends,i like when you shine!
i like you,Between Friends,i like when you shine!
band_on_tha_run,Between Friends,i like when you shine!
stay inside remix,Between Friends,i like when you shine!
tired of your love,Between Friends,i like when you shine!
reference bounce,Between Friends,i like when you shine!
shiny,Between Friends,i like when you shine!
lonely,Between Friends,i like when you shine!
down,Between Friends,i like when you shine!
